{
  "compatibilityLevel": "JAVA_8",
  "minVersion": "0.8",
  "plugin": "skytils.skytilsmod.mixins.SkytilsMixinPlugin",
  "package": "skytils.skytilsmod.mixins.transformers",
  "refmap": "mixins.skytils.refmap.json",
  "mixins": [
    "MixinMinecraft",
    "accessors.AccessorChatComponentText",
    "accessors.AccessorCommandHandler",
    "accessors.AccessorEnumDyeColor",
    "accessors.AccessorGuiChat",
    "accessors.AccessorGuiContainer",
    "accessors.AccessorGuiEditSign",
    "accessors.AccessorGuiMainMenu",
    "accessors.AccessorGuiNewChat",
    "accessors.AccessorGuiStreamUnavailable",
    "accessors.AccessorMinecraft",
    "accessors.AccessorModelDragon",
    "accessors.AccessorRenderItem",
    "accessors.AccessorServerListEntryNormal",
    "accessors.AccessorSettingsGui",
    "accessors.AccessorWorldInfo",
    "audio.MixinSoundManager",
    "block.MixinBlockSlab",
    "block.MixinBlockStairs",
    "command.MixinCommandHandler",
    "crash.MixinCrashReport",
    "entity.MixinAbstractClientPlayer",
    "entity.MixinBossStatus",
    "entity.MixinEntityBlaze",
    "entity.MixinEntityDragon",
    "entity.MixinEntityLivingBase",
    "entity.MixinEntityPlayerSP",
    "forge.MixinJarDiscoverer",
    "gui.MixinChatLine",
    "gui.MixinGuiContainer",
    "gui.MixinGuiIngame",
    "gui.MixinGuiIngameForge",
    "gui.MixinGuiMainMenu",
    "gui.MixinGuiNewChat",
    "gui.MixinGuiScreen",
    "inventory.MixinSlot",
    "item.MixinItemArmor",
    "item.MixinItemStack",
    "model.MixinModelBlaze",
    "multiplayer.MixinPlayerControllerMP",
    "network.MixinNetHandlerPlayClient",
    "network.MixinNetworkManager",
    "neu.MixinCustomAH",
    "neu.MixinGuiProfileViewer",
    "neu.MixinSBInfo",
    "neu.MixinStorageManager",
    "neu.MixinStorageOverlay",
    "neu.MixinTradeWindow",
    "particle.MixinEffectRenderer",
    "patcher.MixinFontRendererHook",
    "renderer.MixinBlockRendererDispatcher",
    "renderer.MixinEntityRenderer",
    "renderer.MixinInventoryEffectRenderer",
    "renderer.MixinItemRenderer",
    "renderer.MixinLayerArmorBase",
    "renderer.MixinLayerCape",
    "renderer.MixinLayerCreeperCharge",
    "renderer.MixinLayerCustomHead",
    "renderer.MixinLayerEnderDragonDeath",
    "renderer.MixinRender",
    "renderer.MixinRenderBat",
    "renderer.MixinRenderDragon",
    "renderer.MixinRenderEntityItem",
    "renderer.MixinRendererLivingEntity",
    "renderer.MixinRenderItem",
    "renderer.MixinRenderLightningBolt",
    "renderer.MixinRenderManager",
    "renderer.MixinTileEntityChestRenderer",
    "renderer.MixinTileEntityItemStackRenderer",
    "renderer.MixinTileEntitySkullRenderer",
    "sba.MixinContainerPreviewManager",
    "sk1eroam.MixinAnimationHandler",
    "util.MixinChatStyle",
    "util.MixinIChatComponent$Serializer",
    "util.MixinUtil",
    "world.MixinChunk",
    "world.MixinWorld"
  ],
  "verbose": true
}